{"posedata":[{"Poses":[{"td":{"T0pos":{"x":-0.1522209197282791,"y":-0.32879042625427248,"z":0.34464073181152346},"T1pos":{"x":-0.13442674279212953,"y":-0.32015472650527956,"z":0.3617687225341797},"T2pos":{"x":-0.11973448097705841,"y":-0.32129091024398806,"z":0.39266350865364077},"T3pos":{"x":-0.1118924617767334,"y":-0.31917619705200198,"z":0.42730093002319338},"T_tippos":{"x":-0.10980046540498734,"y":-0.3202871084213257,"z":0.4531135559082031},"t0rot":{"x":0.3980775773525238,"y":-0.4894692897796631,"z":-0.7749021053314209,"w":-0.038481831550598147},"t1rot":{"x":0.37871426343917849,"y":-0.5737892985343933,"z":-0.6207910776138306,"w":-0.3767754137516022},"t2rot":{"x":0.5029262900352478,"y":-0.500350832939148,"z":-0.5998843312263489,"w":-0.36993640661239626},"t3rot":{"x":0.48732054233551028,"y":-0.4742048382759094,"z":-0.5436664819717407,"w":-0.49201154708862307},"ttiprot":{"x":0.4873204529285431,"y":-0.47420477867126467,"z":-0.5436663627624512,"w":-0.4920116066932678}},"id":{"I1pos":{"x":-0.14938271045684815,"y":-0.27479684352874758,"z":0.40526312589645388},"I2pos":{"x":-0.1485239565372467,"y":-0.2649396061897278,"z":0.4439472258090973},"I3pos":{"x":-0.14512762427330018,"y":-0.27239441871643069,"z":0.46818697452545168},"I_tippos":{"x":-0.1424507200717926,"y":-0.2838450074195862,"z":0.4886147975921631},"i1rot":{"x":0.6826188564300537,"y":-0.021157797425985338,"z":-0.7143568396568298,"w":0.152571439743042},"i2rot":{"x":0.6577336192131043,"y":0.18612463772296906,"z":-0.7291961312294006,"w":-0.03189423680305481},"i3rot":{"x":0.6472484469413757,"y":0.2776082754135132,"z":-0.7005261182785034,"w":-0.11517965793609619},"itiprot":{"x":0.6472484469413757,"y":0.2776082754135132,"z":-0.7005261182785034,"w":-0.11517965793609619}},"md":{"M1pos":{"x":-0.17268545925617219,"y":-0.27731841802597048,"z":0.4032756984233856},"M2pos":{"x":-0.1781822144985199,"y":-0.2628253102302551,"z":0.4457274377346039},"M3pos":{"x":-0.174266517162323,"y":-0.27395203709602358,"z":0.4722244143486023},"M_tippos":{"x":-0.16804474592208863,"y":-0.28985366225242617,"z":0.4922431707382202},"m1rot":{"x":0.7105274796485901,"y":-0.005030416883528233,"z":-0.6626918315887451,"w":0.23656891286373139},"m2rot":{"x":0.6573370695114136,"y":0.2702711522579193,"z":-0.703175961971283,"w":-0.020130306482315065},"m3rot":{"x":0.5988268852233887,"y":0.416672021150589,"z":-0.6772543787956238,"w":-0.09548458456993103},"mtiprot":{"x":0.5988268852233887,"y":0.4166720509529114,"z":-0.6772543787956238,"w":-0.09548455476760864}},"rd":{"R1pos":{"x":-0.19023147225379945,"y":-0.29022565484046938,"z":0.40105220675468447},"R2pos":{"x":-0.20127160847187043,"y":-0.27326980233192446,"z":0.43677476048469546},"R3pos":{"x":-0.1982542872428894,"y":-0.27957674860954287,"z":0.46386322379112246},"R_tippos":{"x":-0.18948526680469514,"y":-0.2922735810279846,"z":0.4843747317790985},"r1rot":{"x":0.7270132899284363,"y":-0.013470157980918885,"z":-0.6044517159461975,"w":0.3254356384277344},"r2rot":{"x":0.6595926284790039,"y":0.28056055307388308,"z":-0.6893566846847534,"w":0.10493233799934387},"r3rot":{"x":0.555869460105896,"y":0.4308057725429535,"z":-0.709976077079773,"w":-0.036737293004989627},"rtiprot":{"x":0.555869460105896,"y":0.4308057725429535,"z":-0.709976077079773,"w":-0.036737293004989627}},"pd":{"P0pos":{"x":-0.18840830028057099,"y":-0.32785406708717348,"z":0.35711315274238589},"P1pos":{"x":-0.20485736429691316,"y":-0.3076123297214508,"z":0.3974802494049072},"P2pos":{"x":-0.2209087312221527,"y":-0.29393190145492556,"z":0.42199987173080447},"P3pos":{"x":-0.22315669059753419,"y":-0.2963462173938751,"z":0.44312745332717898},"P_tippos":{"x":-0.21865002810955048,"y":-0.3017357587814331,"z":0.4651505947113037},"p0rot":{"x":0.6814156770706177,"y":0.07077238708734513,"z":-0.5690679550170898,"w":0.45478081703186037},"p1rot":{"x":0.7586526870727539,"y":-0.003969714045524597,"z":-0.5018312335014343,"w":0.4154466688632965},"p2rot":{"x":0.6951672434806824,"y":0.30638736486434939,"z":-0.5946121215820313,"w":0.26326003670692446},"p3rot":{"x":0.5991982817649841,"y":0.4131271243095398,"z":-0.6656318306922913,"w":0.1649913191795349},"ptiprot":{"x":0.5991982221603394,"y":0.4131271541118622,"z":-0.6656317710876465,"w":0.1649913191795349}},"wristrootpos":{"x":-0.16341035068035127,"y":-0.3348488211631775,"z":0.321090966463089},"wristrootrot":{"x":0.6752261519432068,"y":-0.1256100833415985,"z":-0.6528378129005432,"w":0.31952229142189028},"forearmstumbpos":{"x":-0.16341035068035127,"y":-0.3348488211631775,"z":0.321090966463089},"forearmstumbrot":{"x":0.6752261519432068,"y":-0.1256100833415985,"z":-0.6528378129005432,"w":0.31952229142189028}}]}]}