{"posedata":[{"Poses":[{"td":{"T0pos":{"x":0.17018501460552216,"y":-0.24578343331813813,"z":0.31490612030029299},"T1pos":{"x":0.1483927220106125,"y":-0.24450096487998963,"z":0.327153742313385},"T2pos":{"x":0.12249727547168732,"y":-0.24136720597743989,"z":0.34695127606391909},"T3pos":{"x":0.10460853576660156,"y":-0.23335576057434083,"z":0.3747767210006714},"T_tippos":{"x":0.0946192592382431,"y":-0.22934618592262269,"z":0.39711707830429079},"t0rot":{"x":-0.13234661519527436,"y":0.768977165222168,"z":-0.5865023136138916,"w":-0.21719494462013246},"t1rot":{"x":-0.2193421721458435,"y":0.5865231156349182,"z":-0.7425514459609985,"w":-0.23769129812717439},"t2rot":{"x":-0.25781068205833437,"y":0.5841436982154846,"z":-0.6492830514907837,"w":-0.41320881247520449},"t3rot":{"x":-0.37736666202545168,"y":0.5244402289390564,"z":-0.6376720070838928,"w":-0.4194420576095581},"ttiprot":{"x":-0.37736666202545168,"y":0.5244402289390564,"z":-0.6376720070838928,"w":-0.4194420576095581}},"id":{"I1pos":{"x":0.13633248209953309,"y":-0.19786317646503449,"z":0.3658652603626251},"I2pos":{"x":0.12324261665344238,"y":-0.18512018024921418,"z":0.3994137644767761},"I3pos":{"x":0.11703391373157501,"y":-0.1889103204011917,"z":0.42278623580932619},"I_tippos":{"x":0.11367756873369217,"y":-0.19648107886314393,"z":0.4437602460384369},"i1rot":{"x":0.06786715984344483,"y":0.7950114011764526,"z":-0.19821874797344209,"w":-0.5692628622055054},"i2rot":{"x":-0.11894527822732926,"y":0.7912296652793884,"z":-0.027862325310707094,"w":-0.5991921424865723},"i3rot":{"x":-0.20474500954151154,"y":0.7563923001289368,"z":0.056812986731529239,"w":-0.6186455488204956},"itiprot":{"x":-0.20474500954151154,"y":0.7563923001289368,"z":0.056812986731529239,"w":-0.6186455488204956}},"md":{"M1pos":{"x":0.15773795545101167,"y":-0.19128967821598054,"z":0.36810651421546938},"M2pos":{"x":0.14923475682735444,"y":-0.17213097214698792,"z":0.40592116117477419},"M3pos":{"x":0.14418227970600129,"y":-0.1752278059720993,"z":0.43302851915359499},"M_tippos":{"x":0.13988715410232545,"y":-0.1808147132396698,"z":0.4571942687034607},"m1rot":{"x":0.15400391817092896,"y":0.7542828321456909,"z":-0.17144493758678437,"w":-0.6147739291191101},"m2rot":{"x":-0.05715647339820862,"y":0.7685675621032715,"z":0.01864415407180786,"w":-0.6369374990463257},"m3rot":{"x":-0.08444053679704666,"y":0.7615932822227478,"z":0.10791778564453125,"w":-0.6334031820297241},"mtiprot":{"x":-0.08444053679704666,"y":0.7615932822227478,"z":0.10791778564453125,"w":-0.6334031820297241}},"rd":{"R1pos":{"x":0.17803433537483216,"y":-0.1960233598947525,"z":0.3702089190483093},"R2pos":{"x":0.1745966672897339,"y":-0.1763617992401123,"z":0.4040354788303375},"R3pos":{"x":0.16984161734580995,"y":-0.17719721794128419,"z":0.4303607940673828},"R_tippos":{"x":0.16369573771953584,"y":-0.18273666501045228,"z":0.45348072052001955},"r1rot":{"x":0.21867990493774415,"y":0.7231656908988953,"z":-0.14420214295387269,"w":-0.6390746235847473},"r2rot":{"x":0.034148864448070529,"y":0.7645831108093262,"z":0.06514997780323029,"w":-0.6403141021728516},"r3rot":{"x":-0.061040859669446948,"y":0.7800310850143433,"z":0.1588411182165146,"w":-0.6021586656570435},"rtiprot":{"x":-0.061040859669446948,"y":0.7800310850143433,"z":0.1588411182165146,"w":-0.6021586656570435}},"pd":{"P0pos":{"x":0.1986709088087082,"y":-0.23090572655200959,"z":0.33248233795166018},"P1pos":{"x":0.19771361351013184,"y":-0.20583269000053407,"z":0.37101101875305178},"P2pos":{"x":0.19985274970531465,"y":-0.18961094319820405,"z":0.39727193117141726},"P3pos":{"x":0.19796523451805116,"y":-0.19103509187698365,"z":0.4175921380519867},"P_tippos":{"x":0.19276005029678346,"y":-0.19394169747829438,"z":0.43888866901397707},"p0rot":{"x":0.3455449342727661,"y":0.7131079435348511,"z":-0.04313993453979492,"w":-0.6084527969360352},"p1rot":{"x":0.2925412058830261,"y":0.6753882169723511,"z":-0.0963483601808548,"w":-0.6700654029846191},"p2rot":{"x":0.11012129485607147,"y":0.7188392281532288,"z":0.1714731901884079,"w":-0.6646355986595154},"p3rot":{"x":0.05596907064318657,"y":0.7574419975280762,"z":0.22122690081596375,"w":-0.6117254495620728},"ptiprot":{"x":0.05596904084086418,"y":0.7574419975280762,"z":0.22122687101364137,"w":-0.6117254495620728}},"wristrootpos":{"x":0.1865622103214264,"y":-0.24747800827026368,"z":0.2952926456928253},"wristrootrot":{"x":0.21553422510623933,"y":0.7604511380195618,"z":-0.24903686344623567,"w":-0.5596782565116882},"forearmstumbpos":{"x":0.1865622103214264,"y":-0.24747800827026368,"z":0.2952926456928253},"forearmstumbrot":{"x":0.21553422510623933,"y":0.7604511380195618,"z":-0.24903686344623567,"w":-0.5596782565116882}}]}]}